id,hosts,company
244497,www.w3.org,Unknown
244497,developers.facebook.com,Facebook
244497,www.chartboost.com,Chartboost
244497,developer.android.com,Google
244497,tech.tapjoy.com,Unknown
244497,goo.gl,Google
244497,flurry.cachefly.net,Unknown
244497,media.admob.com,Admob
244497,cdn.flurry.com,Flurry
244497,adlog.flurry.com,Flurry
244497,ads.flurry.com,Flurry
244497,api.freelancer.com,Unknown
244497,www.googleapis.com,Google
244497,api.kaixin001.com,Unknown
244497,www.google.com,Google
244497,www.facebook.com,Facebook
244497,www.evernote.com,Evernote
244497,ws.tapjoyads.com,Tapjoy
244497,api.meetup.com,Unknown
244497,trello.com,Unknown
244497,api.mendeley.com,Unknown
244497,track.appsflyer.com,Appsflyer
244497,ssl.google-analytics.com,Google Analytics
244497,api.sandbox.freelancer.com,Unknown
244497,secure.viadeo.com,Unknown
244497,api.t.163.com,Netease
244497,sandbox.evernote.com,Evernote
244497,s3.amazonaws.com,Amazon Web Services
244497,pubads.g.doubleclick.net,Doubleclick
244497,api.t.sina.com.cn,Sina
244497,play.google.com,Google
244497,open.weibo.cn,Unknown
244497,api.t.sohu.com,Sohu
244497,open.t.qq.com,Tencent
244497,one.ubuntu.com,Unknown
244497,appclick.co,Unknown
244497,ar.aarki.net,Unknown
244497,content-js.tapjoy.com,Unknown
244497,data.flurry.com,Flurry
244497,digg.com,Unknown
244497,www.googleadservices.com,Google
244497,foursquare.com,Foursquare
244497,oauth.vk.com,Vk
244497,oauth.constantcontact.com,Unknown
244497,getglue.com,Unknown
244497,gomiso.com,Unknown
244497,m.facebook.com,Facebook
244497,login.live.com,Microsoft
244497,googleads.g.doubleclick.net,Doubleclick
244497,live.chartboost.com,Chartboost
244497,graph.%s.facebook.com,Facebook
244497,internal.teamfreeze.com,Unknown
244497,internal2.teamfreeze.com,Unknown
244497,market.android.com,Google
244497,id.sapo.pt,Unknown
244497,www.yammer.com,Unknown
244497,graph.renren.com,Ren Ren
244497,graph.facebook.com,Facebook
244497,muneris-test.so1.outblaze.net,Unknown
244497,nativex-sdk.appspot.com,Unknown
244497,openapi.lovefilm.com,Unknown
244497,msp.alipay.com,Alibaba
244497,plus.google.com,Google
244497,schemas.android.com,Google
244497,services.digg.com,Unknown
244497,facebook.com,Facebook
244497,events.tapjoy.com,Unknown
244497,www.tumblr.com,Tumblr
244497,vimeo.com,Vimeo
244497,oauth2.constantcontact.com,Unknown
244497,connect.tapjoy.com,Unknown
244497,www.flickr.com,Flickr
244497,auth.aweber.com,Unknown
244497,app.yinxiang.com,Unknown
244497,www.freelancer.com,Unknown
244497,www.google-analytics.com,Google Analytics
244497,www.dropbox.com,Dropbox
244497,www.meetup.com,Unknown
244497,www.plurk.com,Unknown
244497,app.adjust.io,Adjust
244497,api.xing.com,Unknown
244497,api.weibo.com,Weibo
244497,www.sandbox.freelancer.com,Unknown
244497,api.vkontakte.ru,Unknown
244497,dl.dropboxusercontent.com,Unknown
244497,api.twitter.com,Twitter
244497,xmlpull.org,Unknown
244497,.facebook.com,Facebook
244497,www.lovefilm.com,Unknown
244497,www.googletagmanager.com,Google
244497,api.500px.com,Unknown
244497,api.skyrock.com,Unknown
244497,api.netprospex.com,Unknown
244497,api.amplitude.com,Amplitude
244497,api.appsflyer.com,Appsflyer
244497,api.dropbox.com,Dropbox
244497,api.muneris.io,Unknown
244497,api.facebook.com,Facebook
244497,api.getglue.com,Unknown
244497,api.login.yahoo.com,Yahoo
244497,api.growmobile.com,Unknown
244497,api.imgur.com,Imgur
244497,api.linkedin.com,Linkedin
244497,sdk.hockeyapp.net,Bitstadium
